config,dataset,qubits,method,mean,std
fashion_mnist_4q,fashion_mnist,4,mo_ga,74.80,3.75
fashion_mnist_4q,fashion_mnist,4,random,70.95,2.99
fashion_mnist_4q,fashion_mnist,4,random_search,74.10,3.84
fashion_mnist_4q,fashion_mnist,4,manual,74.25,3.66
fashion_mnist_4q,fashion_mnist,4,hea,72.05,3.21
fashion_mnist_4q,fashion_mnist,4,pvqnn,62.05,3.30
fashion_mnist_4q,fashion_mnist,4,grid,73.25,2.08
fashion_mnist_4q,fashion_mnist,4,linear,77.55,2.75
fashion_mnist_4q,fashion_mnist,4,poly2,76.75,4.37
fashion_mnist_6q,fashion_mnist,6,mo_ga,90.80,2.55
fashion_mnist_6q,fashion_mnist,6,random,88.55,3.00
fashion_mnist_6q,fashion_mnist,6,random_search,90.65,2.88
fashion_mnist_6q,fashion_mnist,6,manual,91.60,1.60
fashion_mnist_6q,fashion_mnist,6,hea,89.00,2.80
fashion_mnist_6q,fashion_mnist,6,pvqnn,82.35,1.73
fashion_mnist_6q,fashion_mnist,6,grid,90.00,1.81
fashion_mnist_6q,fashion_mnist,6,linear,94.95,1.09
fashion_mnist_6q,fashion_mnist,6,poly2,96.35,1.06
fashion_mnist_8q,fashion_mnist,8,mo_ga,87.80,3.47
fashion_mnist_8q,fashion_mnist,8,random,89.33,2.27
fashion_mnist_8q,fashion_mnist,8,random_search,89.33,1.89
fashion_mnist_8q,fashion_mnist,8,manual,91.47,2.41
fashion_mnist_8q,fashion_mnist,8,hea,89.20,2.57
fashion_mnist_8q,fashion_mnist,8,pvqnn,87.40,1.71
fashion_mnist_8q,fashion_mnist,8,grid,89.80,1.48
fashion_mnist_8q,fashion_mnist,8,linear,96.07,2.23
fashion_mnist_8q,fashion_mnist,8,poly2,96.73,1.15
mnist_4q,mnist,4,mo_ga,82.45,2.96
mnist_4q,mnist,4,random,83.85,2.85
mnist_4q,mnist,4,random_search,84.35,2.35
mnist_4q,mnist,4,manual,85.25,2.60
mnist_4q,mnist,4,hea,84.80,2.84
mnist_4q,mnist,4,pvqnn,75.50,3.39
mnist_4q,mnist,4,grid,84.70,3.19
mnist_4q,mnist,4,linear,85.95,1.79
mnist_4q,mnist,4,poly2,85.60,2.63
mnist_6q,mnist,6,mo_ga,85.05,3.21
mnist_6q,mnist,6,random,84.65,2.14
mnist_6q,mnist,6,random_search,84.95,2.45
mnist_6q,mnist,6,manual,85.20,2.56
mnist_6q,mnist,6,hea,86.10,3.01
mnist_6q,mnist,6,pvqnn,79.60,4.11
mnist_6q,mnist,6,grid,85.25,2.11
mnist_6q,mnist,6,linear,88.10,2.55
mnist_6q,mnist,6,poly2,90.30,2.54
eurosat_4q,eurosat,4,mo_ga,77.05,4.00
eurosat_4q,eurosat,4,random,80.80,3.22
eurosat_4q,eurosat,4,random_search,77.50,1.53
eurosat_4q,eurosat,4,manual,76.25,2.81
eurosat_4q,eurosat,4,hea,76.80,2.44
eurosat_4q,eurosat,4,pvqnn,75.40,2.76
eurosat_4q,eurosat,4,grid,81.25,2.47
eurosat_4q,eurosat,4,linear,87.20,1.70
eurosat_4q,eurosat,4,poly2,64.20,2.42
eurosat_6q,eurosat,6,mo_ga,78.45,3.02
eurosat_6q,eurosat,6,random,82.00,2.47
eurosat_6q,eurosat,6,random_search,80.35,1.86
eurosat_6q,eurosat,6,manual,77.65,2.14
eurosat_6q,eurosat,6,hea,78.55,3.07
eurosat_6q,eurosat,6,pvqnn,72.60,3.60
eurosat_6q,eurosat,6,grid,82.35,2.74
eurosat_6q,eurosat,6,linear,87.45,2.29
eurosat_6q,eurosat,6,poly2,61.45,2.13
