generation,hv_mean,hv_std,hv_min,hv_max
0,0.46530,0.04264,0.35585,0.48975
1,0.50667,0.01168,0.49207,0.52371
2,0.51442,0.01058,0.50337,0.53253
3,0.52826,0.03095,0.50453,0.61218
4,0.55073,0.04172,0.50832,0.61309
5,0.57352,0.04818,0.50832,0.63530
6,0.57629,0.04875,0.50878,0.63530
7,0.57819,0.05088,0.50878,0.64402
8,0.57851,0.05120,0.50878,0.64402
9,0.57897,0.05086,0.51139,0.64402
10,0.58201,0.05219,0.52011,0.64712
11,0.58308,0.05285,0.52011,0.64712
12,0.58358,0.05314,0.52011,0.64712
13,0.58365,0.05322,0.52011,0.64712
14,0.58941,0.04875,0.52406,0.64875
15,0.58951,0.04873,0.52406,0.64875
16,0.58997,0.04862,0.52406,0.64875
17,0.59328,0.04912,0.52406,0.64875
18,0.59340,0.04918,0.52406,0.64875
19,0.59397,0.04975,0.52406,0.65241
20,0.59397,0.04975,0.52406,0.65241
21,0.59484,0.05029,0.52406,0.65241
22,0.59484,0.05029,0.52406,0.65241
23,0.59484,0.05029,0.52406,0.65241
24,0.59488,0.05032,0.52406,0.65241
25,0.59508,0.05046,0.52406,0.65241
26,0.59529,0.05063,0.52406,0.65241
27,0.59539,0.05071,0.52406,0.65241
28,0.59539,0.05071,0.52406,0.65241
29,0.59550,0.05079,0.52406,0.65241
30,0.59550,0.05079,0.52406,0.65241
